<?xml version="1.0" encoding="UTF-8"?>
<project-private xmlns="http://www.netbeans.org/ns/project-private/1">
    <editor-bookmarks xmlns="http://www.netbeans.org/ns/editor-bookmarks/2" lastBookmarkId="0"/>
    <open-files xmlns="http://www.netbeans.org/ns/projectui-open-files/2">
        <group>
            <file>file:/Users/pep/Desktop/ACT/AST/AC/PROBLEMES/2018T/03Aeroport/ExAeroport/src/Aeroport/Test.java</file>
            <file>file:/Users/pep/Desktop/ACT/AST/AC/PROBLEMES/2018T/03Aeroport/ExAeroport/src/Aeroport/ElPrat.java</file>
            <file>file:/Users/pep/Desktop/ACT/AST/AC/PROBLEMES/2018T/03Aeroport/ExAeroport/src/AeroportOrdenat/Test.java</file>
            <file>file:/Users/pep/Desktop/ACT/AST/AC/PROBLEMES/2018T/03Aeroport/ExAeroport/src/AeroportOrdenat/ElPrat.java</file>
        </group>
    </open-files>
</project-private>
